,Protein_ID,TM_Segment_Helix
0,CBLN2_HUMAN,30- 50 ( 28- 52)
1,ACSL4_HUMAN,2- 20 ( 1- 24)
2,RNF43_HUMAN,199- 219 ( 196- 222)
3,GLT18_HUMAN,9- 31 ( 5- 42)
4,CD70_HUMAN,16- 40 ( 15- 43)
5,SYT1_HUMAN,58- 77 ( 57- 82)
6,GRM2B_HUMAN,343- 362 ( 341- 366)
7,KLRD1_HUMAN,5- 30 ( 2- 33)
8,ILDR2_HUMAN,186- 207 ( 185- 208)
9,FCAR_HUMAN,228- 249 ( 222- 251)
10,KLRF1_HUMAN,47- 68 ( 45- 72)
11,NF2L1_HUMAN,10- 26 ( 4- 28)
12,SMAGP_HUMAN,36- 59 ( 31- 60)
13,CP7A1_HUMAN,5- 25 ( 4- 29)
14,VGFR3_HUMAN,775- 799 ( 769- 801)
15,PMEPA_HUMAN,40- 61 ( 38- 65)
16,CR3L1_HUMAN,370- 389 ( 364- 391)
17,DJC30_HUMAN,209- 224 ( 204- 225)
18,MPZL1_HUMAN,165- 190 ( 164- 194)
19,FGFR4_HUMAN,368- 389 ( 364- 392)
20,NOMO2_HUMAN,1156-1176 (1152-1178)
21,PCD15_HUMAN,1376-1398 (1374-1401)
22,PMEPA_HUMAN,40- 61 ( 38- 65)
23,TRBC2_HUMAN,153- 173 ( 148- 176)
24,UDB10_HUMAN,491- 509 ( 489- 511)
25,LRIT3_HUMAN,455- 476 ( 451- 483)
26,UNC5B_HUMAN,376- 398 ( 373- 403)
27,SARCO_HUMAN,12- 30 ( 9- 33)
28,CLC4C_HUMAN,18- 39 ( 14- 40)
29,JAML_HUMAN,276- 298 ( 272- 299)
30,GOLM2_HUMAN,14- 33 ( 12- 38)
31,SRCRM_HUMAN,903- 925 ( 901- 926)
32,F1711_HUMAN,304- 325 ( 301- 330)
33,SIM30_HUMAN,30- 49 ( 29- 54)
34,JPH3_HUMAN,726- 745 ( 725- 746)
35,CLM1_HUMAN,153- 176 ( 146- 187)
36,CD86_HUMAN,248- 269 ( 247- 274)
37,SUSD6_HUMAN,123- 145 ( 120- 147)
38,DRS7C_HUMAN,6- 24 ( 5- 27)
39,MSLNL_HUMAN,645- 663 ( 644- 667)
40,DRB4_HUMAN,229- 250 ( 222- 253)
41,CDHR1_HUMAN,699- 724 ( 698- 728)
42,PTPRQ_HUMAN,1946-1971 (1941-1977)
43,MA1A2_HUMAN,36- 55 ( 33- 56)
44,GAFA1_HUMAN,7-28 (5-28)
45,OSTM1_HUMAN,284- 300 ( 283- 303)
46,SLMAP_HUMAN,804- 822 ( 803- 826)
47,ICAM3_HUMAN,487- 509 ( 486- 514)
48,JAM1_HUMAN,237- 259 ( 236- 265)
49,TRHDE_HUMAN,37- 62 ( 31- 64)
50,NRG3_HUMAN,362- 383 ( 354- 389)
51,MYRF_HUMAN,765- 787 ( 759- 792)
52,LCAP_HUMAN,108- 130 ( 106- 131)
53,SORL_HUMAN,2137-2159 (2135-2164)
54,CC033_HUMAN,37- 58 ( 31- 61)
55,LRP3_HUMAN,494- 520 ( 492- 525)
56,RCAS1_HUMAN,5-26 (3-29)
57,TTMP_HUMAN,67- 87 ( 61- 90)
58,NCTR1_HUMAN,257- 274 ( 252- 289)
59,CA210_HUMAN,31- 50 ( 30- 54)
60,ARMX6_HUMAN,10- 28 ( 7- 30)
61,CABP7_HUMAN,189- 209 ( 184- 212)
62,UQCC3_HUMAN,6- 28 ( 3- 29)
63,MIA2_HUMAN,650-670(648-677)
64,GLIP1_HUMAN,235- 256 ( 232- 258)
65,DHI1_HUMAN,10- 20 ( 9- 26)
66,CP4B1_HUMAN,18- 37 ( 16- 41)
67,KIT_HUMAN,525- 546 ( 524- 549)
68,TO20L_HUMAN,6- 27 ( 3- 34)
69,S31C2_HUMAN,26- 45 ( 23- 49)
70,THY1_HUMAN,136- 158 ( 133- 160)
71,LRC33_HUMAN,648- 673 ( 647- 676)
72,UD2A3_HUMAN,490- 509 ( 489- 510)
73,GLDN_HUMAN,17- 37 ( 16- 40)
74,LIGO1_HUMAN,559- 581 ( 557- 586)
75,RNF24_HUMAN,26- 46 ( 24- 54)
76,TEN3_HUMAN,308- 332 ( 306- 333)
77,TIMD4_HUMAN,312- 339 ( 311- 342)
78,LIRA2_HUMAN,450- 471 ( 446- 474)
79,B2L13_HUMAN,459- 481 ( 453- 484)
80,IGSF3_HUMAN,1134-1149 (1133-1152)
81,ITB1_HUMAN,731- 756 ( 730- 760)
82,AMNLS_HUMAN,359- 378 ( 356- 379)
83,UD14_HUMAN,491- 509 ( 487- 512)
84,UD2B4_HUMAN,492- 510 ( 490- 512)
85,UROL1_HUMAN,1273-1294 (1272-1298)
86,CAD17_HUMAN,787- 810 ( 786- 814)
87,TRHDE_HUMAN,37- 62 ( 31- 64)
88,MTLN_HUMAN,90- 111 ( 86- 115)
89,CRIM1_HUMAN,938- 959 ( 933- 964)
90,PAR16_HUMAN,287- 307 ( 284- 310)
91,KI3L1_HUMAN,340- 362 ( 336- 368)
92,TMM59_HUMAN,240- 259 ( 238- 262)
93,P4HTM_HUMAN,61- 82 ( 55- 84)
94,SIM10_HUMAN,60-80 (56-82)
95,ACV1B_HUMAN,126- 149 ( 124- 155)
96,ITA8_HUMAN,1012-1033 (1011-1035)
97,ILRL2_HUMAN,335- 357 ( 332- 359)
98,CHSTB_HUMAN,15- 33 ( 10- 36)
99,SIA7C_HUMAN,10- 28 ( 4- 31)
100,ENK6_HUMAN,635- 660 ( 633- 664)
101,NECT4_HUMAN,349- 373 ( 345- 378)
102,NDST2_HUMAN,17- 36 ( 11- 37)
103,ADA17_HUMAN,673- 693 ( 672- 698)
104,AMNLS_HUMAN,359- 378 ( 356- 379)
105,ADIG_HUMAN,15- 37 ( 12- 43)
106,MANEA_HUMAN,6- 28 ( 4- 30)
107,GCNT7_HUMAN,14- 27 ( 13- 29)
108,P121A_HUMAN,51- 68 ( 50- 70)
109,GPV_HUMAN,521- 549 ( 520- 557)
110,INGR1_HUMAN,250- 269 ( 249- 273)
111,SIM11_HUMAN,5-30 (3-56)
112,PKHL1_HUMAN,4206-4228 (4202-4232)
113,NFAM1_HUMAN,165- 187 ( 161- 191)
114,FND3A_HUMAN,1174-1194 (1170-1196)
115,SPTC3_HUMAN,58- 78 ( 57- 79)
116,T132D_HUMAN,920- 942 ( 915- 946)
117,TPSN_HUMAN,414- 436 ( 408- 444)
118,CTGE2_HUMAN,13- 32 ( 11- 38)
119,APLP2_HUMAN,694- 715 ( 691- 719)
120,PIGT_HUMAN,524-544 (523-544)
121,IGSF3_HUMAN,1134-1149 (1133-1152)
122,TMED5_HUMAN,198- 216 ( 197- 218)
123,TIP_HUMAN,567- 589 ( 564- 599)
124,JAM2_HUMAN,238- 259 ( 235- 263)
125,NRAC_HUMAN,101- 121 ( 100- 125)
126,MYOF_HUMAN,2026-2047 (2020-2048)
127,MER34_HUMAN,491- 511 ( 489- 517)
128,BET1_HUMAN,95- 116 ( 92- 117)
129,MRC1_HUMAN,1388-1410 (1386-1414)
130,SG196_HUMAN,20- 35 ( 19- 38)
131,NDUA3_HUMAN,17- 31 ( 16- 32)
132,LIRA1_HUMAN,462- 482 ( 457- 486)
133,AMGO3_HUMAN,382- 403 ( 378- 404)
134,ASGR2_HUMAN,57- 77 ( 55- 80)
135,SYCY1_HUMAN,445- 471 ( 444- 474)
136,GPX8_HUMAN,17- 38 ( 13- 39)
137,CISD1_HUMAN,15- 34 ( 9- 37)
138,ITAX_HUMAN,1108-1128 (1107-1130)
139,I15RA_HUMAN,208- 227 ( 203- 231)
140,ADA19_HUMAN,704- 723 ( 703- 727)
141,PCDAA_HUMAN,695- 718 ( 693- 720)
142,EGLN_HUMAN,591- 613 ( 590- 617)
143,CD79A_HUMAN,143- 164 ( 136- 168)
144,UFO_HUMAN,451- 473 ( 448- 478)
145,CD248_HUMAN,687- 708 ( 683- 712)
146,CP4B1_HUMAN,18- 37 ( 16- 41)
147,ZP1_HUMAN,602- 623 ( 601- 626)
148,XBP1_HUMAN,189- 210 ( 188- 214)
149,MMP24_HUMAN,603- 624 ( 599- 626)
150,ACV1C_HUMAN,112- 133 ( 111- 137)
151,PNDC1_HUMAN,495- 514 ( 493- 518)
152,SMIM8_HUMAN,49- 67 ( 48- 74)
153,AMGO2_HUMAN,397- 418 ( 394- 419)
154,CD33_HUMAN,264- 284 ( 261- 288)
155,TPBG_HUMAN,355- 376 ( 351- 379)
156,BOC_HUMAN,854- 880 ( 852- 885)
157,CD166_HUMAN,526- 550 ( 524- 559)
158,CD248_HUMAN,687- 708 ( 683- 712)
159,CLIC1_HUMAN,26-47 (26-51)
160,BEAN1_HUMAN,30- 58 ( 26- 65)
161,BCS1_HUMAN,16- 32 ( 14- 34)
162,DLK2_HUMAN,306- 331 ( 305- 333)
163,CJ111_HUMAN,115- 137 ( 111- 138)
164,A4_HUMAN,702- 723 ( 701- 726)
165,LCTL_HUMAN,546- 563 ( 545- 566)
166,TMX4_HUMAN,189- 213 ( 185- 214)
167,MGAT2_HUMAN,10- 29 ( 8- 34)
168,F163B_HUMAN,9- 31 ( 7- 39)
169,MPRD_HUMAN,185- 204 ( 182- 206)
170,TOM22_HUMAN,79- 103 ( 72- 108)
171,PTPRU_HUMAN,746- 769 ( 743- 773)
172,S31C1_HUMAN,26- 45 ( 23- 49)
173,KTN1_HUMAN,12- 35 ( 5- 36)
174,PTN1_HUMAN,406- 428 ( 399- 430)
175,BOK_HUMAN,189-209 (185-209)
176,NOMO3_HUMAN,1156-1176 (1152-1178)
177,TOR4A_HUMAN,120-137(113-139)
178,DQB1_HUMAN,231- 253 ( 225- 256)
179,ACKMT_HUMAN,37- 54 ( 35- 55)
180,TECT2_HUMAN,669- 691 ( 664- 695)
181,CP26C_HUMAN,15- 37 ( 13- 40)
182,PCDB1_HUMAN,691- 714 ( 686- 722)
183,RTP5_HUMAN,542- 562 ( 541- 564)
184,WSCD1_HUMAN,12- 32 ( 10- 37)
185,CP21A_HUMAN,2- 13 ( 1- 17)
186,CP17A_HUMAN,2- 18 ( 1- 19)
187,ERVV2_HUMAN,458-480(457-483)
188,NDUB8_HUMAN,127- 148 ( 123- 149)
189,MAVS_HUMAN,518- 535 ( 514- 538)
190,SCN4B_HUMAN,163- 185 ( 158- 186)
191,TNMD_HUMAN,29- 49 ( 26- 51)
192,CAH14_HUMAN,291- 313 ( 288- 324)
193,FMO4_HUMAN,514- 536 ( 509- 543)
194,ILDR1_HUMAN,163- 186 ( 157- 188)
195,TRAC_HUMAN,119- 138 ( 118- 139)
196,ZP1_HUMAN,602- 623 ( 601- 626)
197,DIK1A_HUMAN,27- 44 ( 23- 49)
198,MA1A1_HUMAN,40- 61 ( 33- 62)
199,COX7R_HUMAN,86- 106 ( 82- 110)
200,FLT3L_HUMAN,185- 205 ( 184- 212)
201,PCDG9_HUMAN,690- 713 ( 686- 717)
202,CALX_HUMAN,482- 502 ( 481- 507)
203,CP1A2_HUMAN,9- 30 ( 8- 31)
204,NKG2D_HUMAN,53- 71 ( 52- 76)
205,SC61B_HUMAN,72- 93 ( 71- 94)
206,CC080_HUMAN,79- 98 ( 77- 101)
207,CN132_HUMAN,126- 152 ( 124- 159)
208,NRG2_HUMAN,407- 428 ( 398- 434)
209,TXD15_HUMAN,325- 343 ( 323- 347)
210,CHST8_HUMAN,15- 34 ( 11- 36)
211,TMM68_HUMAN,41- 67 ( 39- 77)
212,MGT4A_HUMAN,13- 31 ( 12- 36)
213,TNFL8_HUMAN,39- 62 ( 37- 65)
214,GLT18_HUMAN,9- 31 ( 5- 42)
215,CNMD_HUMAN,40- 64 ( 36- 66)
216,TRGC2_HUMAN,158- 179 ( 153- 181)
217,CLC1B_HUMAN,30- 56 ( 25- 59)
218,PHEX_HUMAN,19- 39 ( 16- 42)
219,CLM6_HUMAN,180- 204 ( 177- 207)
220,LAMP5_HUMAN,237- 256 ( 236- 260)
221,ECE2_HUMAN,178- 200 ( 174- 204)
222,FDFT_HUMAN,384- 402 ( 383- 406)
223,DLK2_HUMAN,306- 331 ( 305- 333)
224,EDEM1_HUMAN,8- 30 ( 6- 31)
225,PCDA3_HUMAN,698- 720 ( 697- 721)
226,MANEA_HUMAN,6- 28 ( 4- 30)
227,HTRA2_HUMAN,103- 123 ( 99- 125)
228,LRAD3_HUMAN,175- 195 ( 171- 199)
229,LIRA4_HUMAN,448- 468 ( 443- 471)
230,IEX1_HUMAN,82- 101 ( 81- 103)
231,OPALI_HUMAN,38- 55 ( 37- 58)
232,CP4FC_HUMAN,15- 35 ( 14- 46)
233,CLM1_HUMAN,153- 176 ( 146- 187)
234,LRC59_HUMAN,247- 266 ( 244- 270)
235,BCS1_HUMAN,16- 32 ( 14- 34)
236,SGCA_HUMAN,289- 311 ( 287- 316)
237,CTGEF_HUMAN,43- 62 ( 41- 69)
238,IOD2_HUMAN,13- 32 ( 11- 33)
239,VISTA_HUMAN,193- 216 ( 187- 224)
240,RHEX_HUMAN,9- 35 ( 7- 43)
241,PCDGE_HUMAN,690- 713 ( 684- 720)
242,TGBR3_HUMAN,784- 807 ( 781- 810)
243,EPHA2_HUMAN,535- 557 ( 534- 563)
244,DCBD1_HUMAN,454- 479 ( 448- 485)
245,ERVV1_HUMAN,319- 337 ( 316- 338)
246,SYT14_HUMAN,26- 45 ( 24- 48)
247,AT1B2_HUMAN,36- 65 ( 34- 68)
248,COHA1_HUMAN,466- 488 ( 462- 497)
249,MIA2_HUMAN,650-670(648-677)
250,GLIP1_HUMAN,235- 256 ( 232- 258)
251,HS3SA_HUMAN,22- 41 ( 16- 44)
252,GLPE_HUMAN,55- 76 ( 54- 77)
253,CSTN2_HUMAN,832- 854 ( 830- 860)
254,EXD2_HUMAN,8-27(4-33)
255,IDD_HUMAN,349- 371 ( 340- 377)
256,IZUM1_HUMAN,290- 312 ( 286- 316)
257,TEFF1_HUMAN,327- 350 ( 323- 354)
258,SYT7_HUMAN,17- 39 ( 14- 44)
259,FRAS1_HUMAN,3901-3921 (3899-3926)
260,CD40L_HUMAN,21- 47 ( 17- 50)
261,PTPRU_HUMAN,746- 769 ( 743- 773)
262,IZUM2_HUMAN,189- 210 ( 185- 216)
263,SIGL6_HUMAN,348- 370 ( 347- 375)
264,IZUM3_HUMAN,174- 197 ( 165- 199)
265,LRP1_HUMAN,4421-4443 (4420-4447)
266,VGFR2_HUMAN,763- 788 ( 757- 792)
267,CREB3_HUMAN,252- 271 ( 249- 274)
268,CLIC4_HUMAN,39- 58 ( 36- 62)
269,GPIX_HUMAN,150- 174 ( 147- 176)
270,VTCN1_HUMAN,260-281 (256-281)
271,CP4V2_HUMAN,11- 36 ( 7- 43)
272,RPN1_HUMAN,440- 456 ( 439- 459)
273,BT3A2_HUMAN,248- 269 ( 247- 276)
274,FAT2_HUMAN,4049-4069 (4046-4073)
275,HRK_HUMAN,70- 86 ( 69- 89)
276,HLAC_HUMAN,308- 330 ( 307- 336)
277,LFA3_HUMAN,221- 237 ( 220- 241)
278,ZNRF4_HUMAN,253- 278 ( 250- 285)
279,GAFA1_HUMAN,7-28 (5-28)
280,PLD5_HUMAN,67- 87 ( 62- 88)
281,CLN5_HUMAN,25- 43 ( 23- 44)
282,SIA4C_HUMAN,8- 26 ( 5- 29)
283,LIGO1_HUMAN,559- 581 ( 557- 586)
284,GOLM2_HUMAN,14- 33 ( 12- 38)
285,NB5R3_HUMAN,9- 28 ( 5- 30)
286,CAD20_HUMAN,618- 640 ( 614- 646)
287,NRX2A_HUMAN,1634-1657 (1627-1661)
288,GLMP_HUMAN,370- 392 ( 368- 399)
289,VTCN1_HUMAN,260-281 (256-281)
290,IL1R2_HUMAN,349- 369 ( 345- 376)
291,CD40L_HUMAN,21- 47 ( 17- 50)
292,IGHD_HUMAN,404- 426 ( 401- 429)
293,EGLN_HUMAN,591- 613 ( 590- 617)
294,CADH7_HUMAN,609- 629 ( 606- 634)
295,KCNE5_HUMAN,60- 81 ( 57- 91)
296,WSCD2_HUMAN,17- 35 ( 16- 37)
297,TEN4_HUMAN,343- 364 ( 339- 365)
298,EDA_HUMAN,40- 61 ( 38- 71)
299,IMPG2_HUMAN,1100-1125 (1098-1126)
300,PTPRC_HUMAN,576- 599 ( 572- 605)
301,CTXN2_HUMAN,26- 51 ( 24- 52)
302,HPHL1_HUMAN,1112-1136 (1109-1143)
303,B3GN8_HUMAN,9- 28 ( 7- 31)
304,CP2E1_HUMAN,6- 24 ( 4- 27)
305,ATNG_HUMAN,26- 49 ( 22- 50)
306,EFC14_HUMAN,76- 97 ( 75- 99)
307,LRRT1_HUMAN,426- 449 ( 420- 450)
308,PERT_HUMAN,848- 873 ( 845- 874)
309,COPA1_HUMAN,33- 51 ( 32- 55)
310,FMO5_HUMAN,511- 531 ( 503- 532)
311,CADH4_HUMAN,735- 756 ( 734- 763)
312,CAD20_HUMAN,618- 640 ( 614- 646)
313,CEAM4_HUMAN,153- 176 ( 152- 180)
314,TMM81_HUMAN,221- 244 ( 218- 250)
315,DLK2_HUMAN,306- 331 ( 305- 333)
316,CLIC3_HUMAN,25- 43 ( 24- 48)
317,KTN1_HUMAN,12- 35 ( 5- 36)
318,SEM6D_HUMAN,659- 684 ( 655- 688)
319,CDHR2_HUMAN,1153-1178 (1147-1182)
320,UN5CL_HUMAN,11- 32 ( 10- 33)
321,CAH12_HUMAN,302- 325 ( 296- 330)
322,MUC15_HUMAN,237- 260 ( 234- 265)
323,CLCA4_HUMAN,895- 916 ( 893- 918)
324,PCDG8_HUMAN,690- 715 ( 685- 717)
325,STX7_HUMAN,237- 256 ( 228- 257)
326,LYSM3_HUMAN,215- 238 ( 213- 239)
327,ERBB3_HUMAN,643- 665 ( 640- 669)
328,TRDC_HUMAN,132-153 (132-153)
329,MUC15_HUMAN,237- 260 ( 234- 265)
330,KCNE3_HUMAN,59- 79 ( 55- 84)
331,EXD2_HUMAN,8-27(4-33)
332,MUC18_HUMAN,559- 581 ( 555- 586)
333,CD3Z_HUMAN,32- 53 ( 29- 56)
334,SC61B_HUMAN,72- 93 ( 71- 94)
335,TFR1_HUMAN,67- 88 ( 65- 90)
336,SYT11_HUMAN,17- 36 ( 15- 46)
337,TBC20_HUMAN,370-387(364-391)
338,ITA4_HUMAN,977- 998 ( 974-1002)
339,TUTLB_HUMAN,725- 747 ( 722- 754)
340,EFC14_HUMAN,76- 97 ( 75- 99)
341,ARMX3_HUMAN,10- 28 ( 4- 33)
342,STX5_HUMAN,335- 353 ( 331- 354)
343,NPDC1_HUMAN,181- 201 ( 180- 203)
344,ITA2_HUMAN,1134-1155 (1131-1156)
345,TNR1B_HUMAN,262- 283 ( 261- 289)
346,FUT3_HUMAN,15- 33 ( 12- 37)
347,LSR_HUMAN,259- 281 ( 257- 283)
348,CD70_HUMAN,16- 40 ( 15- 43)
349,TM11E_HUMAN,17- 41 ( 16- 44)
350,BT2A2_HUMAN,265- 284 ( 263- 293)
351,TR13B_HUMAN,163- 185 ( 157- 189)
352,ECSCR_HUMAN,120- 148 ( 116- 156)
353,NPIB4_HUMAN,72- 91 ( 69- 94)
354,GAFA1_HUMAN,7-28 (5-28)
355,EMC1_HUMAN,963- 981 ( 959- 983)
356,PEX2_HUMAN,197-215(189-217)
357,CD79B_HUMAN,160- 180 ( 158- 184)
358,CP1B1_HUMAN,20- 39 ( 17- 45)
359,XBP1_HUMAN,189- 210 ( 188- 214)
360,SYNE2_HUMAN,6833-6851 (6831-6853)
361,I20RA_HUMAN,250- 276 ( 244- 278)
362,CC018_HUMAN,63- 81 ( 60- 87)
363,ESYT3_HUMAN,55- 72 ( 54- 78)
364,NLGNY_HUMAN,675- 697 ( 672- 704)
365,LIRA1_HUMAN,462- 482 ( 457- 486)
366,RELL1_HUMAN,59- 80 ( 56- 84)
367,C163B_HUMAN,1361-1382 (1356-1389)
368,LRRC4_HUMAN,526- 548 ( 519- 552)
369,ICAM2_HUMAN,224- 248 ( 221- 251)
370,TRML1_HUMAN,163- 184 ( 162- 188)
371,PDXL2_HUMAN,498- 523 ( 496- 524)
372,CNTP5_HUMAN,1239-1261 (1235-1266)
373,ACSL4_HUMAN,2- 20 ( 1- 24)
374,KI2S2_HUMAN,245- 267 ( 241- 272)
375,BCS1_HUMAN,16- 32 ( 14- 34)
376,SGCE_HUMAN,317- 338 ( 314- 343)
377,CR2_HUMAN,974- 997 ( 973-1003)
378,DCC_HUMAN,1099-1120 (1095-1125)
379,DCC_HUMAN,1099-1120 (1095-1125)
380,MGT4A_HUMAN,13- 31 ( 12- 36)
381,KKLC1_HUMAN,5- 22 ( 4- 24)
382,PCDB1_HUMAN,691- 714 ( 686- 722)
383,ERMAP_HUMAN,152- 176 ( 151- 184)
384,LRAD3_HUMAN,175- 195 ( 171- 199)
385,TM11F_HUMAN,28- 51 ( 25- 52)
386,ARMX6_HUMAN,10- 28 ( 7- 30)
387,AMGO3_HUMAN,382- 403 ( 378- 404)
388,ADA21_HUMAN,685- 706 ( 684- 710)
389,ASTRA_HUMAN,608- 632 ( 604- 633)
390,SDC3_HUMAN,385- 408 ( 379- 413)
391,CD44_HUMAN,649- 669 ( 648- 674)
392,PCDG9_HUMAN,690- 713 ( 686- 717)
393,COX8C_HUMAN,43- 65 ( 38- 69)
394,NICA_HUMAN,669- 689 ( 667- 694)
395,CSF1R_HUMAN,518- 539 ( 517- 542)
396,LSME1_HUMAN,63- 87 ( 59- 89)
397,TEN1_HUMAN,321- 344 ( 319- 346)
398,CEAM4_HUMAN,153- 176 ( 152- 180)
399,NRG1_HUMAN,244- 264 ( 235- 271)
400,FND3B_HUMAN,1180-1202 (1176-1203)
401,GLT14_HUMAN,13- 29 ( 12- 32)
402,ENK5_HUMAN,635- 657 ( 633- 664)
403,RN149_HUMAN,201- 223 ( 199- 226)
404,SCIMP_HUMAN,19- 40 ( 18- 49)
405,CNPD1_HUMAN,229- 251 ( 223- 257)
406,FUT9_HUMAN,13- 31 ( 12- 33)
407,IL4RA_HUMAN,230- 252 ( 228- 261)
408,CADH9_HUMAN,615- 636 ( 611- 641)
409,CHST5_HUMAN,28- 47 ( 25- 50)
410,CLM7_HUMAN,152- 172 ( 150- 176)
411,OGFD3_HUMAN,43- 63 ( 42- 64)
412,EVA1C_HUMAN,324- 343 ( 320- 349)
413,ILRL1_HUMAN,328- 351 ( 325- 353)
414,PLXB1_HUMAN,1490-1510 (1486-1514)
415,EN113_HUMAN,634-657(629-662)
416,SNPH_HUMAN,424- 445 ( 420- 448)
417,KI2S1_HUMAN,245- 265 ( 241- 273)
418,BT3A3_HUMAN,247- 269 ( 246- 277)
419,ENK25_HUMAN,635- 657 ( 633- 659)
420,SMIM6_HUMAN,26- 48 ( 24- 51)
421,CD3Z_HUMAN,32- 53 ( 29- 56)
422,SMIM8_HUMAN,49- 67 ( 48- 74)
423,EPOR_HUMAN,252- 273 ( 250- 280)
424,NADL2_HUMAN,123- 147 ( 122- 148)
425,SMIM1_HUMAN,48- 70 ( 47- 76)
426,FCG3A_HUMAN,208- 229 ( 207- 230)
427,IL2RB_HUMAN,241- 264 ( 240- 267)
428,HLPDA_HUMAN,5- 25 ( 4- 28)
429,TOM7_HUMAN,21- 36 ( 19- 39)
430,SCF_HUMAN,216- 237 ( 210- 240)
431,MUC13_HUMAN,420- 444 ( 416- 447)
432,CB074_HUMAN,11- 39 ( 7- 40)
433,CP343_HUMAN,8- 27 ( 6- 28)
434,I10R1_HUMAN,231- 253 ( 229- 256)
435,LRRT1_HUMAN,426- 449 ( 420- 450)
436,WBP1_HUMAN,57- 75 ( 54- 81)
437,DQB1_HUMAN,231- 253 ( 225- 256)
438,LBN_HUMAN,298- 320 ( 297- 324)
439,AMGO1_HUMAN,372- 392 ( 368- 393)
440,TGFR1_HUMAN,125- 147 ( 123- 151)
441,NPHN_HUMAN,1062-1078 (1061-1080)
442,E41L3_HUMAN,633- 655 ( 632- 656)
443,MTX1_HUMAN,421- 440 ( 412- 446)
444,TRYG1_HUMAN,284- 304 ( 283- 307)
445,INSR_HUMAN,954- 978 ( 951- 982)
446,LRP4_HUMAN,1728-1748 (1727-1752)
447,ARM10_HUMAN,9- 28 ( 7- 33)
448,SUCO_HUMAN,1012-1030 (1009-1033)
449,TOM5_HUMAN,30- 48 ( 25- 50)
450,SIM14_HUMAN,50- 70 ( 47- 71)
451,CL12A_HUMAN,52- 74 ( 51- 85)
452,B2CL2_HUMAN,168- 190 ( 166- 192)
453,MTX1_HUMAN,421- 440 ( 412- 446)
454,KLD7A_HUMAN,16- 37 ( 10- 41)
455,ECE1_HUMAN,67- 88 ( 64- 93)
456,EPHA5_HUMAN,574- 595 ( 573- 596)
457,SIG16_HUMAN,438- 459 ( 437- 470)
458,BOC_HUMAN,854- 880 ( 852- 885)
459,PERT_HUMAN,848- 873 ( 845- 874)
460,QCR9_HUMAN,16- 32 ( 12- 35)
461,INAM2_HUMAN,34- 56 ( 32- 60)
462,PPLA_HUMAN,29- 50 ( 21- 51)
463,MEGF9_HUMAN,511- 537 ( 509- 544)
464,FMO2_HUMAN,512-530(507-533)
465,ENK11_HUMAN,524- 549 ( 522- 553)
466,CTGE8_HUMAN,43- 62 ( 41- 69)
467,TPSN_HUMAN,414- 436 ( 408- 444)
468,FKRP_HUMAN,11- 29 ( 10- 30)
469,PCDB5_HUMAN,686- 712 ( 681- 719)
470,FKRP_HUMAN,11- 29 ( 10- 30)
471,LRC32_HUMAN,624- 644 ( 623- 648)
472,ADA20_HUMAN,692- 715 ( 687- 720)
473,HLAB_HUMAN,308- 330 ( 307- 335)
474,HCST_HUMAN,48- 71 ( 47- 73)
475,PCDH7_HUMAN,878- 903 ( 871- 907)
476,AOC2_HUMAN,3- 24 ( 2- 27)
477,LR37B_HUMAN,903- 927 ( 900- 936)
478,ECE2_HUMAN,178- 200 ( 174- 204)
479,HACL2_HUMAN,14- 33 ( 13- 35)
480,PCDB7_HUMAN,685- 711 ( 679- 716)
481,CHSS3_HUMAN,9- 27 ( 8- 28)
482,MMP23_HUMAN,19- 39 ( 15- 41)
483,AT1B4_HUMAN,109- 137 ( 106- 138)
484,CP343_HUMAN,8- 27 ( 6- 28)
485,FCG3A_HUMAN,208- 229 ( 207- 230)
486,NCAM2_HUMAN,696- 720 ( 693- 723)
487,ENH1_HUMAN,520- 546 ( 519- 549)
488,FCRL4_HUMAN,387- 410 ( 385- 415)
489,CD244_HUMAN,228- 250 ( 227- 258)
490,TXD11_HUMAN,64- 82 ( 63- 88)
491,S31D3_HUMAN,28- 49 ( 25- 51)
492,NRX2B_HUMAN,588- 611 ( 581- 615)
493,GCNT4_HUMAN,13- 31 ( 11- 36)
494,SIA7B_HUMAN,7- 28 ( 6- 33)
495,RN185_HUMAN,174-190(170-191)
496,RAE1E_HUMAN,228- 247 ( 224- 250)
497,SIA8B_HUMAN,5- 24 ( 3- 26)
498,T191C_HUMAN,287- 306 ( 285- 307)
499,TEFF1_HUMAN,327- 350 ( 323- 354)
500,HEG1_HUMAN,1246-1271 (1245-1276)
501,AMGO3_HUMAN,382- 403 ( 378- 404)
502,FRMD5_HUMAN,498- 521 ( 489- 525)
503,BOC_HUMAN,854- 880 ( 852- 885)
504,TRYG1_HUMAN,284- 304 ( 283- 307)
505,SLAF1_HUMAN,239- 260 ( 237- 263)
506,DSC1_HUMAN,690- 712 ( 688- 718)
507,TACD2_HUMAN,274- 297 ( 268- 303)
508,FCGRN_HUMAN,298- 320 ( 293- 325)
509,CADH1_HUMAN,708- 730 ( 707- 734)
510,RMD3_HUMAN,13- 31 ( 10- 33)
511,I13R1_HUMAN,345- 366 ( 342- 374)
512,MUCEN_HUMAN,194- 214 ( 193- 215)
513,MNARL_HUMAN,166- 187 ( 160- 188)
514,TMM92_HUMAN,55- 77 ( 54- 78)
515,GXLT2_HUMAN,6- 26 ( 4- 30)
516,CD38_HUMAN,24- 45 ( 22- 47)
517,IGS11_HUMAN,247- 267 ( 246- 271)
518,NCHL1_HUMAN,1082-1103 (1078-1106)
519,GOLI_HUMAN,196- 217 ( 193- 221)
520,PCDGF_HUMAN,689- 714 ( 685- 718)
521,CHPF2_HUMAN,14- 27 ( 13- 30)
522,VSTM4_HUMAN,178- 203 ( 176- 210)
523,NRG4_HUMAN,62- 82 ( 61- 85)
524,TOIP2_HUMAN,220- 234 ( 219- 237)
525,PC11Y_HUMAN,843- 865 ( 840- 869)
526,AT1B2_HUMAN,36- 65 ( 34- 68)
527,NDUA3_HUMAN,17- 31 ( 16- 32)
528,COL12_HUMAN,35- 64 ( 33- 65)
529,F74A1_HUMAN,89- 107 ( 82- 108)
530,DOPO_HUMAN,18- 37 ( 17- 40)
531,ERLN2_HUMAN,5- 24 ( 4- 25)
532,MFA3L_HUMAN,150- 171 ( 148- 177)
533,SMIM5_HUMAN,31- 50 ( 30- 54)
534,FCG2B_HUMAN,224- 247 ( 221- 250)
535,PCD20_HUMAN,863- 884 ( 861- 889)
536,LRIT3_HUMAN,455- 476 ( 451- 483)
537,ERAP1_HUMAN,11- 30 ( 9- 31)
538,TPSN_HUMAN,414- 436 ( 408- 444)
539,PLS2_HUMAN,274- 293 ( 272- 296)
540,IGS23_HUMAN,155- 180 ( 154- 186)
541,PTPR2_HUMAN,613- 638 ( 609- 641)
542,PCDAD_HUMAN,697- 720 ( 695- 722)
543,SYNE2_HUMAN,6833-6851 (6831-6853)
544,CEBOS_HUMAN,18- 37 ( 9- 39)
545,TM11D_HUMAN,18- 40 ( 16- 43)
546,BWNIN_HUMAN,14-32(9-35)
547,G6B_HUMAN,145- 165 ( 144- 168)
548,CD003_HUMAN,46- 64 ( 42- 65)
549,PGES2_HUMAN,57- 74 ( 56- 77)
550,PCDBD_HUMAN,687- 713 ( 680- 720)
551,PD1L1_HUMAN,239- 260 ( 235- 264)
552,CX6A1_HUMAN,38- 58 ( 31- 62)
553,CD166_HUMAN,526- 550 ( 524- 559)
554,HS3S6_HUMAN,32- 47 ( 31- 48)
555,SYJ2B_HUMAN,119- 140 ( 118- 143)
556,HRCT1_HUMAN,11- 32 ( 7- 37)
557,FCRL3_HUMAN,574- 595 ( 570- 601)
558,UD18_HUMAN,487- 505 ( 483- 508)
559,FCRL4_HUMAN,387- 410 ( 385- 415)
560,SHSA6_HUMAN,174- 196 ( 170- 203)
561,ESAM_HUMAN,249- 271 ( 246- 274)
562,CDHR4_HUMAN,688- 710 ( 686- 712)
563,B3GN2_HUMAN,7- 28 ( 4- 33)
564,HLAC_HUMAN,308- 330 ( 307- 336)
565,NETO1_HUMAN,340- 364 ( 337- 366)
566,STX2_HUMAN,264- 285 ( 255- 286)
567,GPNMB_HUMAN,501- 520 ( 499- 524)
568,IL31R_HUMAN,519- 541 ( 517- 544)
569,TOM20_HUMAN,10- 27 ( 7- 32)
570,ROR2_HUMAN,402- 426 ( 398- 431)
571,FUT8_HUMAN,13- 32 ( 10- 33)
572,INGR1_HUMAN,250- 269 ( 249- 273)
573,UPK2_HUMAN,156- 179 ( 155- 183)
574,CHSTE_HUMAN,40- 59 ( 38- 62)
575,LRIT1_HUMAN,526- 546 ( 521- 547)
576,SGPL1_HUMAN,39- 58 ( 38- 60)
577,TRI59_HUMAN,327- 346 ( 321- 348)
578,GP2_HUMAN,516- 535 ( 515- 536)
579,PTPRA_HUMAN,143- 167 ( 142- 171)
580,TMED3_HUMAN,186- 205 ( 184- 208)
581,NFXL1_HUMAN,888- 907 ( 878- 908)
582,ADAM9_HUMAN,696- 717 ( 691- 720)
583,CADH4_HUMAN,735- 756 ( 734- 763)
584,MO2R2_HUMAN,238- 263 ( 234- 267)
585,CEA19_HUMAN,158- 181 ( 156- 184)
586,CNST_HUMAN,666- 685 ( 663- 686)
587,MTLN_HUMAN,90- 111 ( 86- 115)
588,TRBC2_HUMAN,153- 173 ( 148- 176)
589,IGFR1_HUMAN,162- 187 ( 161- 188)
590,CTGE4_HUMAN,43- 62 ( 41- 69)
591,CRUM3_HUMAN,57- 82 ( 55- 88)
592,C1C1L_HUMAN,13-33(10-37)
593,EMC7_HUMAN,166- 180 ( 165- 182)
594,GLIP1_HUMAN,235- 256 ( 232- 258)
595,PCDGB_HUMAN,691- 716 ( 686- 717)
596,PCDGJ_HUMAN,690- 714 ( 685- 716)
597,CDHR4_HUMAN,688- 710 ( 686- 712)
598,ATP8_HUMAN,14- 33 ( 13- 34)
599,PMGT1_HUMAN,36- 57 ( 32- 64)
600,EPHA5_HUMAN,574- 595 ( 573- 596)
601,PKHD1_HUMAN,3858-3881 (3855-3887)
602,UD2A1_HUMAN,490- 511 ( 487- 512)
603,CP26C_HUMAN,15- 37 ( 13- 40)
604,IGHD_HUMAN,404- 426 ( 401- 429)
605,HYEP_HUMAN,4- 19 ( 3- 26)
606,B2L10_HUMAN,174- 192 ( 172- 193)
607,TLR7_HUMAN,841- 861 ( 835- 863)
608,TREM2_HUMAN,171- 191 ( 170- 192)
609,ANPRC_HUMAN,482- 503 ( 479- 507)
610,PCSK7_HUMAN,658- 677 ( 656- 685)
611,MUC18_HUMAN,559- 581 ( 555- 586)
612,PLAT1_HUMAN,137- 157 ( 133- 158)
613,TNR12_HUMAN,81- 100 ( 80- 108)
614,ASTRC_HUMAN,554- 576 ( 550- 580)
615,BMPR2_HUMAN,150- 174 ( 147- 175)
616,P121C_HUMAN,51- 68 ( 50- 70)
617,PCDGK_HUMAN,691- 717 ( 684- 718)
618,ITA3_HUMAN,991-1013 ( 988-1015)
619,BNIP3_HUMAN,158- 184 ( 156- 188)
620,RAGE_HUMAN,339- 362 ( 337- 372)
621,TMG2_HUMAN,111- 131 ( 107- 138)
622,RFNG_HUMAN,10- 30 ( 9- 34)
623,NKG2E_HUMAN,71- 93 ( 68- 94)
624,ERB1_HUMAN,449- 474 ( 446- 475)
625,C144C_HUMAN,1212-1231 (1208-1233)
626,CLMP_HUMAN,234- 255 ( 233- 263)
627,CD3E_HUMAN,128- 150 ( 126- 154)
628,CD19_HUMAN,290- 312 ( 289- 323)
629,EPHA2_HUMAN,535- 557 ( 534- 563)
630,UD2A2_HUMAN,499-520(496-522)
631,CADM1_HUMAN,376- 398 ( 373- 402)
632,RN217_HUMAN,502- 520 ( 501- 521)
633,PCSK4_HUMAN,708- 727 ( 706- 729)
634,IL2RA_HUMAN,241- 261 ( 238- 269)
635,KI2LA_HUMAN,239- 260 ( 234- 261)
636,DCC_HUMAN,1099-1120 (1095-1125)
637,MFAP3_HUMAN,148- 171 ( 145- 178)
638,EPHB6_HUMAN,579- 603 ( 576- 608)
639,SIA4B_HUMAN,8- 28 ( 5- 30)
640,CR3L3_HUMAN,319- 338 ( 317- 339)
641,THY1_HUMAN,136- 158 ( 133- 160)
642,UCRI_HUMAN,110- 132 ( 106- 135)
643,ERVV2_HUMAN,458-480(457-483)
644,XXLT1_HUMAN,23- 40 ( 19- 43)
645,MICU2_HUMAN,34- 52 ( 32- 55)
646,HYEP_HUMAN,4- 19 ( 3- 26)
647,HECAM_HUMAN,242- 264 ( 240- 271)
648,LRC59_HUMAN,247- 266 ( 244- 270)
649,TREM1_HUMAN,198- 218 ( 197- 222)
650,CLCA2_HUMAN,903- 925 ( 898- 932)
651,SDC1_HUMAN,256- 277 ( 255- 281)
652,IGFR1_HUMAN,162- 187 ( 161- 188)
653,UD3A1_HUMAN,487- 505 ( 482- 506)
654,TM219_HUMAN,206- 226 ( 202- 227)
655,CTSRD_HUMAN,718- 739 ( 716- 742)
656,B3GT6_HUMAN,18- 36 ( 17- 40)
657,CTXN2_HUMAN,26- 51 ( 24- 52)
658,MFF_HUMAN,321- 339 ( 311- 341)
659,FND3B_HUMAN,1180-1202 (1176-1203)
660,DCBD1_HUMAN,454- 479 ( 448- 485)
661,STX3_HUMAN,261- 283 ( 258- 285)
662,CEBOS_HUMAN,18- 37 ( 9- 39)
663,SORL_HUMAN,2137-2159 (2135-2164)
664,ADAM2_HUMAN,688- 708 ( 687- 714)
665,PVR_HUMAN,344- 365 ( 340- 370)
666,RFNG_HUMAN,10- 30 ( 9- 34)
667,GRM2B_HUMAN,343- 362 ( 341- 366)
668,ITA9_HUMAN,982-1004 ( 981-1011)
669,SIM17_HUMAN,94- 114 ( 91- 115)
670,TMG4_HUMAN,115- 137 ( 112- 142)
671,TRAR2_HUMAN,252-271(250-272)
672,SEM4D_HUMAN,734- 753 ( 731- 756)
673,OLR1_HUMAN,38- 59 ( 37- 61)
674,LIRB2_HUMAN,456- 482 ( 455- 487)
675,PCD10_HUMAN,713- 737 ( 709- 744)
676,ARAID_HUMAN,199- 220 ( 197- 226)
677,DPP4_HUMAN,8- 30 ( 7- 34)
678,DCAKD_HUMAN,204- 226 ( 203- 227)
679,RDH10_HUMAN,10- 28 ( 7- 29)
680,VSTM1_HUMAN,134- 156 ( 131- 160)
681,GLIP1_HUMAN,235- 256 ( 232- 258)
682,CP2D6_HUMAN,5- 24 ( 4- 28)
683,CP2B6_HUMAN,3- 20 ( 2- 22)
684,COX16_HUMAN,20- 36 ( 19- 48)
685,MA1B1_HUMAN,82- 101 ( 79- 112)
686,NXPE2_HUMAN,19-37(17-42)
687,PMEPA_HUMAN,40- 61 ( 38- 65)
688,TMM25_HUMAN,234- 259 ( 233- 265)
689,PTCRA_HUMAN,148- 170 ( 146- 171)
690,LY75_HUMAN,1668-1690 (1665-1695)
691,INSR_HUMAN,954- 978 ( 951- 982)
692,I20RB_HUMAN,231- 254 ( 230- 259)
693,CP2C8_HUMAN,4- 20 ( 3- 28)
694,SCO1_HUMAN,96- 114 ( 92- 126)
695,S31D3_HUMAN,28- 49 ( 25- 51)
696,NPIB8_HUMAN,92- 109 ( 91- 111)
697,SYT13_HUMAN,11- 32 ( 10- 37)
698,NB5R3_HUMAN,9- 28 ( 5- 30)
699,BTNL2_HUMAN,8- 27 ( 7- 29)
700,PCDA9_HUMAN,698- 720 ( 696- 722)
701,AVR2B_HUMAN,136- 159 ( 134- 164)
702,GOSR2_HUMAN,192- 210 ( 189- 211)
703,CD8B_HUMAN,171- 193 ( 169- 199)
704,GPIX_HUMAN,150- 174 ( 147- 176)
705,ALG11_HUMAN,25- 45 ( 24- 50)
706,IL2RA_HUMAN,241- 261 ( 238- 269)
707,B3GT2_HUMAN,23- 43 ( 21- 46)
708,UPK3A_HUMAN,220- 234 ( 219- 239)
709,TMPS5_HUMAN,51- 71 ( 49- 73)
710,PDZ1I_HUMAN,31- 52 ( 29- 53)
711,CNTP4_HUMAN,1242-1264 (1239-1268)
712,FAXC_HUMAN,63- 85 ( 60- 92)
713,SIG16_HUMAN,438- 459 ( 437- 470)
